-- --------------------------------------------------------
-- Host:                         127.0.0.1
-- Versión del servidor:         10.4.28-MariaDB - mariadb.org binary distribution
-- SO del servidor:              Win64
-- HeidiSQL Versión:             12.5.0.6677
-- --------------------------------------------------------

/*!40101 SET @OLD_CHARACTER_SET_CLIENT=@@CHARACTER_SET_CLIENT */;
/*!40101 SET NAMES utf8 */;
/*!50503 SET NAMES utf8mb4 */;
/*!40103 SET @OLD_TIME_ZONE=@@TIME_ZONE */;
/*!40103 SET TIME_ZONE='+00:00' */;
/*!40014 SET @OLD_FOREIGN_KEY_CHECKS=@@FOREIGN_KEY_CHECKS, FOREIGN_KEY_CHECKS=0 */;
/*!40101 SET @OLD_SQL_MODE=@@SQL_MODE, SQL_MODE='NO_AUTO_VALUE_ON_ZERO' */;
/*!40111 SET @OLD_SQL_NOTES=@@SQL_NOTES, SQL_NOTES=0 */;


-- Volcando estructura de base de datos para futbolitos
CREATE DATABASE IF NOT EXISTS `futbolitos` /*!40100 DEFAULT CHARACTER SET utf8mb4 COLLATE utf8mb4_general_ci */;
USE `futbolitos`;

-- Volcando estructura para tabla futbolitos.clasificacion
CREATE TABLE IF NOT EXISTS `clasificacion` (
  `posicion` int(11) NOT NULL,
  `idEquipo` varchar(3) DEFAULT NULL,
  `puntos` int(11) NOT NULL,
  `pjugados` int(11) NOT NULL,
  `pganados` int(11) NOT NULL,
  `pempatados` int(11) NOT NULL,
  `pperdidos` int(11) NOT NULL,
  `gfavor` int(11) NOT NULL,
  `gcontra` int(11) NOT NULL,
  `diferencia` varchar(11) NOT NULL,
  PRIMARY KEY (`posicion`),
  KEY `fk_idEquipo_clasificacion` (`idEquipo`),
  CONSTRAINT `fk_idEquipo_clasificacion` FOREIGN KEY (`idEquipo`) REFERENCES `equipo` (`id`)
) ENGINE=InnoDB DEFAULT CHARSET=utf8mb4 COLLATE=utf8mb4_general_ci;

-- Volcando datos para la tabla futbolitos.clasificacion: ~20 rows (aproximadamente)
DELETE FROM `clasificacion`;
INSERT INTO `clasificacion` (`posicion`, `idEquipo`, `puntos`, `pjugados`, `pganados`, `pempatados`, `pperdidos`, `gfavor`, `gcontra`, `diferencia`) VALUES
	(1, 'RMA', 38, 15, 12, 2, 1, 33, 9, '+24'),
	(2, 'GIR', 38, 15, 12, 2, 1, 34, 18, '+16'),
	(3, 'BAR', 34, 15, 10, 4, 1, 28, 14, '+14'),
	(4, 'ATM', 31, 14, 10, 1, 3, 30, 13, '+17'),
	(5, 'ATH', 28, 15, 8, 4, 3, 30, 18, '+12'),
	(6, 'RSO', 26, 15, 7, 5, 3, 26, 18, '+8'),
	(7, 'BET', 25, 15, 6, 7, 2, 18, 16, '+2'),
	(8, 'LPA', 21, 15, 6, 3, 6, 13, 13, '0'),
	(9, 'VAL', 19, 15, 5, 4, 6, 17, 20, '-3'),
	(10, 'GET', 19, 15, 4, 7, 4, 17, 20, '-3'),
	(11, 'RVA', 19, 15, 4, 7, 4, 16, 22, '-6'),
	(12, 'VIL', 16, 15, 4, 4, 7, 22, 26, '-4'),
	(13, 'ALA', 16, 15, 4, 4, 7, 14, 19, '-5'),
	(14, 'OSN', 15, 15, 4, 3, 8, 17, 25, '-8'),
	(15, 'SEV', 13, 14, 2, 7, 5, 20, 20, '0'),
	(16, 'MAL', 11, 15, 1, 8, 6, 13, 20, '-7'),
	(17, 'CAD', 11, 14, 2, 5, 7, 11, 21, '-10'),
	(18, 'CEL', 8, 14, 1, 5, 8, 14, 24, '-10'),
	(19, 'GRA', 7, 15, 1, 4, 10, 19, 35, '-16'),
	(20, 'ALM', 4, 15, 0, 4, 11, 16, 37, '-21');

-- Volcando estructura para tabla futbolitos.equipo
CREATE TABLE IF NOT EXISTS `equipo` (
  `id` varchar(3) NOT NULL,
  `nombre` varchar(50) DEFAULT NULL,
  `estadio` varchar(50) DEFAULT NULL,
  `foto` varchar(1000) DEFAULT NULL,
  PRIMARY KEY (`id`)
) ENGINE=InnoDB DEFAULT CHARSET=utf8mb4 COLLATE=utf8mb4_general_ci;

-- Volcando datos para la tabla futbolitos.equipo: ~20 rows (aproximadamente)
DELETE FROM `equipo`;
INSERT INTO `equipo` (`id`, `nombre`, `estadio`, `foto`) VALUES
	('ALA', 'Deportivo Alaves', 'Estadio Mendizorra', 'https://upload.wikimedia.org/wikipedia/en/f/f8/Deportivo_Alaves_logo_(2020).svg'),
	('ALM', 'Almeria', 'Juegos del Mediterraneo', 'https://www.logofootball.net/wp-content/uploads/2022/10/UD-Almeria-Logo-PNG.png'),
	('ATH', 'Athletic Club', 'Estadio San Mames', 'https://www.logofootball.net/wp-content/uploads/2022/10/Athletic-Bilbao-Logo-PNG-1536x1536.png'),
	('ATM', 'Atletico de Madrid', 'Estadio Wanda Metropolitano', 'https://www.logofootball.net/wp-content/uploads/2022/10/Atletico-Madrid-Logo-PNG-1536x1536.png'),
	('BAR', 'FC Barcelona', 'Camp Nou', 'https://www.logofootball.net/wp-content/uploads/2022/10/FC-Barcelona-Logo-PNG-1536x1536.png'),
	('BET', 'Real Betis', 'Estadio Benito Villamarin', 'https://www.logofootball.net/wp-content/uploads/2022/10/Real-Betis-Logo-PNG-1536x1536.png'),
	('CAD', 'Cadiz', 'Estadio de la Nova Cartuja', 'https://www.logofootball.net/wp-content/uploads/2022/10/Cadiz-CF-Logo-PNG-1536x1536.png'),
	('CEL', 'Celta de Vigo', 'Estadio de Balaidos', 'https://www.logofootball.net/wp-content/uploads/2022/10/RC-Celta-de-Vigo-Logo-PNG-1536x1536.png'),
	('GET', 'Getafe', 'Estadio Coliseum', 'https://www.logofootball.net/wp-content/uploads/2022/10/Getafe-CF-SAD-Logo-PNG-1536x1536.png'),
	('GIR', 'Girona', 'Estadio Municipal de Montilivi', 'https://www.logofootball.net/wp-content/uploads/2022/10/Girona-FC-Logo-PNG-1536x1536.png'),
	('GRA', 'Granada CF', 'Estadio Nuevo Los Carmenes', 'https://files.cults3d.com/uploaders/18679356/illustration-file/521e41fe-a486-48c2-ac86-bc8f0d37df07/4004.png'),
	('LPA', 'Las Palmas', 'Estadio Gran Canaria', 'https://as01.epimg.net/img/comunes/fotos/fichas/equipos/large/9.png'),
	('MAL', 'Mallorca', 'Estadio de Son Moix', 'https://www.logofootball.net/wp-content/uploads/2022/10/RCD-Mallorca-Logo-PNG-1536x1536.png'),
	('OSN', 'Osasuna', 'Estadio El Sadar', 'https://www.logofootball.net/wp-content/uploads/2022/10/CA-Osasuna-Logo-PNG-1536x1536.png'),
	('RMA', 'Real Madrid', 'Estadio Santiago Bernabeu', 'https://www.logofootball.net/wp-content/uploads/2022/10/Real-Madrid-CF-Logo-PNG-1536x1536.png'),
	('RSO', 'Real Sociedad', 'Estadio de la Real Sociedad', 'https://www.logofootball.net/wp-content/uploads/2022/10/Real-Sociedad-Logo-PNG-1536x1536.png'),
	('RVA', 'Rayo Vallecano', 'Estadio de Vallecas', 'https://www.logofootball.net/wp-content/uploads/2022/10/Rayo-Vallecano-de-Madrid-SAD-Logo-PNG-1536x1536.png'),
	('SEV', 'Sevilla', 'Estadio Ramon Sanchez Pizjuan', 'https://www.logofootball.net/wp-content/uploads/2022/10/Sevilla-FC-Logo-PNG-1536x1536.png'),
	('VAL', 'Valencia CF', 'Estadio Mestalla', 'https://www.logofootball.net/wp-content/uploads/2022/10/Valencia-CF-Logo-PNG-1-1536x1536.png'),
	('VIL', 'Villarreal', 'Estadio El Madrigal', 'https://www.logofootball.net/wp-content/uploads/2022/10/Villarreal-CF-Logo-PNG-1536x1536.png');

-- Volcando estructura para tabla futbolitos.jugadores
CREATE TABLE IF NOT EXISTS `jugadores` (
  `id` int(11) NOT NULL AUTO_INCREMENT,
  `apellido` varchar(50) DEFAULT NULL,
  `nombre` varchar(50) DEFAULT NULL,
  `posicion` varchar(50) DEFAULT NULL,
  `nacionalidad` varchar(50) DEFAULT NULL,
  `goles` int(11) DEFAULT NULL,
  `asistencias` int(11) DEFAULT NULL,
  `idEquipo` varchar(3) DEFAULT NULL,
  PRIMARY KEY (`id`),
  KEY `fk_jugador_idEquipo` (`idEquipo`),
  CONSTRAINT `fk_jugador_idEquipo` FOREIGN KEY (`idEquipo`) REFERENCES `equipo` (`id`),
  CONSTRAINT `check_posicion` CHECK (`posicion` in ('Portero','Defensa','Centrocampista','Delantero'))
) ENGINE=InnoDB AUTO_INCREMENT=309 DEFAULT CHARSET=utf8mb4 COLLATE=utf8mb4_general_ci;

-- Volcando datos para la tabla futbolitos.jugadores: ~248 rows (aproximadamente)
DELETE FROM `jugadores`;
INSERT INTO `jugadores` (`id`, `apellido`, `nombre`, `posicion`, `nacionalidad`, `goles`, `asistencias`, `idEquipo`) VALUES
	(1, 'Gorosabel', 'Andoni', 'Defensa', 'España', 2, 2, 'ALA'),
	(2, 'Duarte', 'Rubén', 'Defensa', 'España', 1, 1, 'ALA'),
	(3, 'Sedlar', 'Aleksandar', 'Defensa', 'Serbia', 1, 0, 'ALA'),
	(4, 'Abqar', 'Abdel', 'Defensa', 'Siria', 0, 0, 'ALA'),
	(5, 'Sola', 'Álex', 'Defensa', 'España', 0, 0, 'ALA'),
	(6, 'Tenaglia', 'Nahuel', 'Defensa', 'Argentina', 0, 0, 'ALA'),
	(7, 'Marín', 'Rafael', 'Defensa', 'España', 0, 0, 'ALA'),
	(8, 'Maras', 'Nikola', 'Defensa', 'Croacia', 0, 0, 'ALA'),
	(9, 'Karrikaburu', 'Jon', 'Delantero', 'España', 4, 1, 'ALA'),
	(10, 'Rioja', 'Luis', 'Centrocampista', 'España', 2, 2, 'ALA'),
	(11, 'García', 'Kike', 'Delantero', 'España', 1, 0, 'ALA'),
	(12, 'Alkain', 'Xeber', 'Centrocampista', 'España', 0, 0, 'ALA'),
	(13, 'Simeone', 'Giuliano', 'Delantero', 'Argentina', 0, 0, 'ALA'),
	(14, 'Rebbach', 'Abde', 'Centrocampista', 'Marruecos', 0, 0, 'ALA'),
	(15, 'Omorodion', 'Samu', 'Delantero', 'Nigeria', 0, 0, 'ALA'),
	(16, 'Gagua', 'Giorgi', 'Delantero', 'Georgia', 0, 0, 'ALA'),
	(17, 'Díaz', 'Víctor', 'Portero', 'España', 0, 0, 'ALM'),
	(18, 'Gómez', 'Felipe', 'Defensa', 'España', 1, 0, 'ALM'),
	(19, 'Adán', 'Martín', 'Defensa', 'España', 1, 0, 'ALM'),
	(20, 'Martín', 'Iván', 'Defensa', 'España', 0, 0, 'ALM'),
	(21, 'Peña', 'Jordi', 'Defensa', 'España', 0, 0, 'ALM'),
	(22, 'Narváez', 'Juanjo', 'Defensa', 'España', 0, 0, 'ALM'),
	(23, 'Rojo', 'Lucas', 'Centrocampista', 'España', 0, 0, 'ALM'),
	(24, 'Ocampos', 'Lucas', 'Centrocampista', 'Argentina', 0, 0, 'ALM'),
	(25, 'Robertone', 'Lucas', 'Centrocampista', 'Argentina', 0, 0, 'ALM'),
	(26, 'Machís', 'Darwin', 'Delantero', 'Venezuela', 0, 0, 'ALM'),
	(27, 'Idrissi', 'Oussama', 'Delantero', 'Marruecos', 0, 0, 'ALM'),
	(28, 'Ramirez', 'Sandro', 'Delantero', 'España', 0, 0, 'ALM'),
	(29, 'Naranjo', 'Juanjo', 'Delantero', 'España', 0, 0, 'ALM'),
	(30, 'Mir', 'Antonio', 'Delantero', 'España', 0, 0, 'ALM'),
	(31, 'Etxeita', 'Unai', 'Portero', 'España', 0, 0, 'ATH'),
	(32, 'Iñigo Martínez', 'Iñigo', 'Defensa', 'España', 1, 0, 'ATH'),
	(33, 'Lejeune', 'Javier', 'Defensa', 'Francia', 0, 0, 'ATH'),
	(34, 'Yeray', 'Yeray Álvarez', 'Defensa', 'España', 0, 0, 'ATH'),
	(35, 'Balenziaga', 'Íñigo', 'Defensa', 'España', 0, 0, 'ATH'),
	(36, 'Perea', 'Unai', 'Defensa', 'España', 0, 0, 'ATH'),
	(37, 'Vencedor', 'Mikel', 'Centrocampista', 'España', 0, 0, 'ATH'),
	(38, 'Núñez', 'Mikel', 'Centrocampista', 'España', 0, 0, 'ATH'),
	(39, 'Raúl García', 'Raúl', 'Centrocampista', 'España', 0, 0, 'ATH'),
	(40, 'Williams', 'Iñaki', 'Delantero', 'España', 0, 0, 'ATH'),
	(41, 'Muniain', 'Iker', 'Delantero', 'España', 0, 0, 'ATH'),
	(42, 'Vesga', 'Unai', 'Delantero', 'España', 0, 0, 'ATH'),
	(43, 'Iñaki', 'Williams', 'Delantero', 'España', 0, 0, 'ATH'),
	(44, 'Oblak', 'Jan', 'Portero', 'Eslovenia', 0, 0, 'ATM'),
	(45, 'Hermoso', 'Mario', 'Defensa', 'España', 1, 0, 'ATM'),
	(46, 'Giménez', 'José María', 'Defensa', 'Uruguay', 3, 0, 'ATM'),
	(47, 'Savic', 'Stefan', 'Defensa', 'Serbia', 0, 0, 'ATM'),
	(48, 'Llorente', 'Marcos', 'Defensa', 'España', 0, 0, 'ATM'),
	(49, 'Mandava', 'Reinildo', 'Defensa', 'Mozambique', 0, 0, 'ATM'),
	(50, 'Koke', 'Jorge', 'Centrocampista', 'España', 0, 0, 'ATM'),
	(51, 'Kondogbia', 'Geoffrey', 'Centrocampista', 'Guinea Ecuatorial', 0, 0, 'ATM'),
	(52, 'De Paul', 'Rodrigo', 'Centrocampista', 'Argentina', 0, 0, 'ATM'),
	(53, 'Correa', 'Ángel', 'Delantero', 'Argentina', 1, 0, 'ATM'),
	(54, 'Lemar', 'Thomas', 'Delantero', 'Francia', 0, 3, 'ATM'),
	(55, 'Félix', 'Joao', 'Delantero', 'Portugal', 5, 3, 'BAR'),
	(56, 'Suárez', 'Luis', 'Delantero', 'Uruguay', 0, 0, 'ATM'),
	(57, 'Ter Stegen', 'Marc-André', 'Portero', 'Alemania', 0, 0, 'BAR'),
	(58, 'Araújo', 'Ronald', 'Defensa', 'Uruguay', 0, 0, 'BAR'),
	(59, 'Piqué', 'Gerard', 'Defensa', 'España', 0, 0, 'BAR'),
	(60, 'García', 'Eric', 'Defensa', 'España', 0, 0, 'BAR'),
	(61, 'Alba', 'Jordi', 'Defensa', 'España', 0, 0, 'BAR'),
	(62, 'Alves', 'Dani', 'Defensa', 'Brasil', 0, 0, 'BAR'),
	(63, 'Busquets', 'Sergio', 'Centrocampista', 'España', 0, 0, 'BAR'),
	(64, 'De Jong', 'Frenkie', 'Centrocampista', 'Países Bajos', 0, 0, 'BAR'),
	(65, 'Kessie', 'Franck', 'Centrocampista', 'Costa de Marfil', 0, 0, 'BAR'),
	(66, 'Fati', 'Ansu', 'Delantero', 'España', 0, 0, 'BAR'),
	(67, 'Depay', 'Memphis', 'Delantero', 'Países Bajos', 0, 0, 'BAR'),
	(68, 'Aubameyang', 'Pierre-Emerick', 'Delantero', 'Gabón', 0, 0, 'BAR'),
	(82, 'Silva', 'Juan', 'Portero', 'España', 0, 0, 'BET'),
	(83, 'Moreno', 'Álex', 'Defensa', 'España', 0, 0, 'BET'),
	(84, 'Montoya', 'Martín', 'Defensa', 'España', 0, 0, 'BET'),
	(85, 'Akouokou', 'Martín', 'Defensa', 'Costa de Marfil', 0, 0, 'BET'),
	(86, 'Bartra', 'Marc', 'Defensa', 'España', 0, 0, 'BET'),
	(87, 'González', 'Borja', 'Defensa', 'España', 0, 0, 'BET'),
	(88, 'Rodri', 'Rodrigo', 'Centrocampista', 'España', 0, 0, 'BET'),
	(89, 'Tello', 'Joaquín', 'Delantero', 'España', 0, 0, 'BET'),
	(90, 'Canales', 'Sergio', 'Centrocampista', 'España', 0, 0, 'BET'),
	(91, 'Gutiérrez', 'William', 'Centrocampista', 'España', 0, 0, 'BET'),
	(92, 'Fekir', 'Nabil', 'Delantero', 'Francia', 0, 0, 'BET'),
	(93, 'Iglesias', 'Borja', 'Delantero', 'España', 0, 0, 'BET'),
	(94, 'Papu Gómez', 'Agustín', 'Delantero', 'Argentina', 0, 0, 'BET'),
	(95, 'Ledesma', 'Jeremias', 'Portero', 'Argentina', 0, 0, 'CAD'),
	(96, 'Carmona', 'José María', 'Defensa', 'España', 0, 0, 'CAD'),
	(97, 'Fali', 'Fali', 'Defensa', 'España', 0, 0, 'CAD'),
	(98, 'Akapo', 'Carlos', 'Defensa', 'España', 0, 0, 'CAD'),
	(99, 'Escobar', 'Juan', 'Defensa', 'Colombia', 0, 0, 'CAD'),
	(100, 'Serrano', 'Javier', 'Centrocampista', 'España', 0, 0, 'CAD'),
	(101, 'Álvarez', 'José Ángel', 'Centrocampista', 'España', 0, 0, 'CAD'),
	(102, 'Aguilera', 'Óscar', 'Centrocampista', 'España', 0, 0, 'CAD'),
	(103, 'Alarcón', 'Anthony', 'Delantero', 'España', 0, 0, 'CAD'),
	(104, 'Perea', 'Álvaro', 'Delantero', 'España', 0, 0, 'CAD'),
	(105, 'Lozano', 'Lucas', 'Delantero', 'España', 0, 0, 'CAD'),
	(106, 'Negredo', 'Roque', 'Delantero', 'España', 0, 0, 'CAD'),
	(107, 'Alarcón', 'Adrián', 'Delantero', 'España', 0, 0, 'CAD'),
	(108, 'Dituro', 'Matías', 'Portero', 'Argentina', 0, 0, 'CEL'),
	(109, 'Olaza', 'Hugo', 'Defensa', 'Uruguay', 0, 0, 'CEL'),
	(110, 'Gallar', 'Sergio', 'Defensa', 'España', 0, 0, 'CEL'),
	(111, 'Baeza', 'Kevin', 'Defensa', 'España', 0, 0, 'CEL'),
	(112, 'Aidoo', 'Pau', 'Defensa', 'España', 0, 0, 'CEL'),
	(113, 'Mello', 'Fran', 'Centrocampista', 'España', 0, 0, 'CEL'),
	(114, 'Méndez', 'Brais', 'Centrocampista', 'España', 0, 0, 'CEL'),
	(115, 'Suárez', 'Denis', 'Centrocampista', 'España', 0, 0, 'CEL'),
	(116, 'Cervi', 'Iago', 'Delantero', 'España', 0, 0, 'CEL'),
	(117, 'Aspas', 'Iago', 'Delantero', 'España', 0, 0, 'CEL'),
	(118, 'Vencedor', 'José Manuel', 'Centrocampista', 'España', 0, 0, 'CEL'),
	(119, 'Solari', 'Rubén', 'Delantero', 'Argentina', 0, 0, 'CEL'),
	(120, 'Nolito', 'Manuel', 'Delantero', 'España', 0, 0, 'CEL'),
	(121, 'Soria', 'David', 'Portero', 'España', 0, 0, 'GET'),
	(122, 'Suárez', 'Damián', 'Defensa', 'España', 0, 0, 'GET'),
	(123, 'Escalante', 'Mathías', 'Defensa', 'Argentina', 0, 0, 'GET'),
	(124, 'Olivera', 'Mathías', 'Defensa', 'Uruguay', 0, 0, 'GET'),
	(125, 'Dakonam', 'Djené', 'Defensa', 'Benin', 0, 0, 'GET'),
	(126, 'Suárez', 'Luis', 'Centrocampista', 'España', 0, 0, 'GET'),
	(127, 'Maksimovic', 'Nikola', 'Centrocampista', 'Serbia', 0, 0, 'GET'),
	(128, 'Oliver', 'Sergio', 'Centrocampista', 'España', 0, 0, 'GET'),
	(129, 'Sandro', 'Sandro', 'Delantero', 'Portugal', 0, 0, 'GET'),
	(130, 'Arambarri', 'Mauro', 'Centrocampista', 'España', 0, 0, 'GET'),
	(131, 'Hernández', 'Juan Camilo', 'Delantero', 'Colombia', 0, 0, 'GET'),
	(132, 'Ünal', 'Enes', 'Delantero', 'Turquía', 0, 0, 'GET'),
	(133, 'Juan Carlos', 'Martín', 'Portero', 'España', 0, 0, 'GIR'),
	(134, 'Gelabert', 'César', 'Defensa', 'España', 0, 0, 'GIR'),
	(135, 'Juanpe', 'Juan Pedro López', 'Defensa', 'España', 0, 0, 'GIR'),
	(136, 'Inácio', 'Iván', 'Defensa', 'Portugal', 0, 0, 'GIR'),
	(137, 'Porro', 'Pedro', 'Defensa', 'Portugal', 0, 0, 'GIR'),
	(138, 'Jofre', 'Jofre Mateu', 'Centrocampista', 'España', 0, 0, 'GIR'),
	(139, 'Alex Moyano', 'Alex', 'Centrocampista', 'España', 0, 0, 'GIR'),
	(140, 'Rubén Castro', 'Rubén', 'Centrocampista', 'España', 0, 0, 'GIR'),
	(141, 'Alexandro', 'Alexandro', 'Delantero', 'España', 0, 0, 'GIR'),
	(142, 'Sánchez', 'Víctor', 'Delantero', 'España', 0, 0, 'GIR'),
	(143, 'Stuani', 'Cristian', 'Delantero', 'Uruguay', 0, 0, 'GIR'),
	(144, 'Arturo', 'Arturo', 'Delantero', 'España', 0, 0, 'GIR'),
	(145, 'Luis Maximiano', 'Luis Miguel', 'Portero', 'Portugal', 0, 0, 'GRA'),
	(146, 'Neva', 'Carlos', 'Defensa', 'España', 0, 0, 'GRA'),
	(147, 'Duarte', 'Carlos', 'Defensa', 'España', 0, 0, 'GRA'),
	(148, 'Pérez', 'Nehuén', 'Defensa', 'Argentina', 0, 0, 'GRA'),
	(149, 'Quini', 'Quini', 'Defensa', 'España', 0, 0, 'GRA'),
	(150, 'Milla', 'Luis', 'Centrocampista', 'España', 0, 0, 'GRA'),
	(151, 'Gonalons', 'Maxime', 'Centrocampista', 'Francia', 0, 0, 'GRA'),
	(152, 'Herrera', 'Yangel', 'Centrocampista', 'Venezuela', 0, 0, 'GRA'),
	(153, 'Bacca', 'Carlos', 'Delantero', 'Colombia', 0, 0, 'GRA'),
	(154, 'Suárez', 'Luis', 'Delantero', 'Uruguay', 0, 0, 'GRA'),
	(155, 'Vadillo', 'Álvaro', 'Delantero', 'España', 0, 0, 'GRA'),
	(156, 'Molina', 'Jorge', 'Delantero', 'España', 0, 0, 'GRA'),
	(157, 'Sánchez', 'Rubén', 'Portero', 'España', 0, 0, 'LPA'),
	(158, 'Suárez', 'Álex', 'Defensa', 'España', 0, 0, 'LPA'),
	(159, 'Curbelo', 'Eric', 'Defensa', 'España', 0, 0, 'LPA'),
	(160, 'Artiles', 'Aythami', 'Defensa', 'España', 0, 0, 'LPA'),
	(161, 'Mascarell', 'Omar', 'Centrocampista', 'España', 0, 0, 'LPA'),
	(162, 'Viera', 'Jonathan', 'Centrocampista', 'España', 0, 0, 'LPA'),
	(163, 'Moleiro', 'Alberto', 'Centrocampista', 'España', 0, 0, 'LPA'),
	(164, 'Rodríguez', 'Jonathan', 'Delantero', 'Uruguay', 0, 0, 'LPA'),
	(165, 'Ábila', 'Ramón', 'Delantero', 'Argentina', 0, 0, 'LPA'),
	(166, 'Mayoral', 'Borja', 'Delantero', 'España', 0, 0, 'LPA'),
	(167, 'Andreu', '', 'Portero', 'España', 0, 0, 'MAL'),
	(168, 'Costa', 'Jaume', 'Defensa', 'España', 0, 0, 'MAL'),
	(169, 'Raillo', 'Antonio', 'Defensa', 'España', 0, 0, 'MAL'),
	(170, 'Oliván', 'Brian', 'Defensa', 'España', 0, 0, 'MAL'),
	(171, 'Maffeo', 'Pablo', 'Defensa', 'España', 0, 0, 'MAL'),
	(172, 'Sánchez', 'Antonio', 'Centrocampista', 'España', 0, 0, 'MAL'),
	(173, 'Ruiz de Galarreta', 'Iñigo', 'Centrocampista', 'España', 0, 0, 'MAL'),
	(174, 'Takefusa', 'Kubo', 'Delantero', 'Japón', 0, 0, 'MAL'),
	(175, 'Puado', 'Javier', 'Delantero', 'España', 0, 0, 'MAL'),
	(176, '', 'Sandro', 'Delantero', 'Brasil', 0, 0, 'MAL'),
	(177, '', 'Amath', 'Delantero', 'España', 0, 0, 'MAL'),
	(202, 'Herrera', 'Sergio', 'Portero', 'España', 0, 0, 'OSN'),
	(203, 'Cruz', 'Juan', 'Defensa', 'España', 0, 0, 'OSN'),
	(204, 'García', 'David', 'Defensa', 'España', 0, 0, 'OSN'),
	(205, 'García', 'David', 'Defensa', 'España', 0, 0, 'OSN'),
	(206, 'Areso', 'Jesús', 'Defensa', 'España', 0, 0, 'OSN'),
	(207, 'Torró', 'Lucas', 'Centrocampista', 'España', 0, 0, 'OSN'),
	(208, 'Moncayola', 'Jon', 'Centrocampista', 'España', 0, 0, 'OSN'),
	(209, 'Brasanac', 'Darko', 'Centrocampista', 'Serbia', 0, 0, 'OSN'),
	(210, 'Oroz', 'Aimar', 'Delantero', 'España', 0, 0, 'OSN'),
	(211, 'García', 'Rubén', 'Delantero', 'España', 0, 0, 'OSN'),
	(212, 'Gómez', 'Moi', 'Delantero', 'España', 0, 0, 'OSN'),
	(213, 'Ibáñez', 'Pablo', 'Centrocampista', 'España', 0, 0, 'OSN'),
	(214, 'Courtois', 'Thibaut', 'Portero', 'Bélgica', 0, 0, 'RMA'),
	(215, 'Carvajal', 'Dani', 'Defensa', 'España', 0, 0, 'RMA'),
	(216, 'Militão', 'Eder', 'Defensa', 'Brasil', 0, 0, 'RMA'),
	(217, 'Alaba', 'David', 'Centrocampista', 'Austria', 0, 3, 'RMA'),
	(218, 'Mendy', 'Ferland', 'Defensa', 'Francia', 0, 0, 'RMA'),
	(219, 'Casemiro', 'Carlos Henrique', 'Centrocampista', 'Brasil', 0, 0, 'RMA'),
	(220, 'Kroos', 'Toni', 'Centrocampista', 'Alemania', 0, 0, 'RMA'),
	(221, 'Modric', 'Luka', 'Centrocampista', 'Croacia', 0, 0, 'RMA'),
	(222, 'Jr.', 'Vinicius', 'Delantero', 'Brasil', 0, 0, 'BAR'),
	(223, 'Asensio', 'Marco', 'Delantero', 'España', 0, 0, 'RMA'),
	(224, 'Benzema', 'Karim', 'Delantero', 'Francia', 0, 0, 'RMA'),
	(225, 'Rodrygo', 'Goes', 'Delantero', 'Brasil', 0, 0, 'RMA'),
	(237, 'Remiro', 'Álex', 'Portero', 'España', 0, 0, 'RSO'),
	(238, 'Aritz', 'Elustondo', 'Defensa', 'España', 0, 0, 'RSO'),
	(239, 'Le Normand', 'Robin', 'Defensa', 'Francia', 0, 0, 'RSO'),
	(240, 'Monreal', 'Nacho', 'Defensa', 'España', 0, 0, 'RSO'),
	(241, 'Merino', 'Mikel', 'Centrocampista', 'España', 0, 0, 'RSO'),
	(242, 'Zubimendi', 'Mikel', 'Centrocampista', 'España', 0, 0, 'RSO'),
	(243, 'Oyarzabal', 'Mikel', 'Delantero', 'España', 0, 0, 'RSO'),
	(244, 'Silva', 'David', 'Delantero', 'España', 0, 0, 'RSO'),
	(245, 'Januzaj', 'Adnan', 'Delantero', 'Bélgica', 0, 0, 'RSO'),
	(246, 'Sorloth', 'Alexander', 'Delantero', 'Noruega', 0, 0, 'RSO'),
	(247, 'Djouahra', 'Aimar', 'Delantero', 'Francia', 0, 0, 'RSO'),
	(260, 'Stojanovic', 'Ivan', 'Portero', 'Serbia', 0, 0, 'RVA'),
	(261, 'Hernández', 'Mario', 'Defensa', 'España', 0, 0, 'RVA'),
	(262, 'García', 'Fran', 'Defensa', 'España', 0, 0, 'RVA'),
	(263, 'Suárez', 'Mario', 'Defensa', 'España', 0, 0, 'RVA'),
	(264, 'Alcaraz', 'Rubén', 'Defensa', 'España', 0, 0, 'RVA'),
	(265, 'López', 'Unai', 'Centrocampista', 'España', 0, 0, 'RVA'),
	(266, 'Ciss', 'Mohamed', 'Centrocampista', 'Senegal', 0, 0, 'RVA'),
	(267, 'Rodrigues', 'Kevin', 'Centrocampista', 'Portugal', 0, 0, 'RVA'),
	(268, 'Balliu', 'Iván', 'Delantero', 'España', 0, 0, 'RVA'),
	(269, 'Guardiola', 'Sergio', 'Delantero', 'España', 0, 0, 'RVA'),
	(270, 'García', 'Álvaro', 'Delantero', 'España', 0, 0, 'RVA'),
	(271, 'Falcao', 'Radamel', 'Delantero', 'Colombia', 0, 0, 'RVA'),
	(272, 'Bono', 'Yassine', 'Portero', 'Marruecos', 0, 0, 'SEV'),
	(273, 'Koundé', 'Jules', 'Defensa', 'Francia', 0, 0, 'SEV'),
	(274, 'Carlos', 'Diego', 'Defensa', 'Brasil', 0, 0, 'SEV'),
	(275, 'Acuña', 'Marcos', 'Defensa', 'Argentina', 0, 0, 'SEV'),
	(276, 'Montiel', 'Óscar', 'Defensa', 'Argentina', 0, 0, 'SEV'),
	(277, 'Jordan', 'Fernando', 'Centrocampista', 'España', 0, 0, 'SEV'),
	(278, 'Rakitic', 'Ivan', 'Centrocampista', 'Croacia', 0, 0, 'SEV'),
	(279, 'Óliver Torres', 'Óliver', 'Centrocampista', 'España', 0, 0, 'SEV'),
	(280, 'Ocampos', 'Lucas', 'Delantero', 'Argentina', 0, 0, 'SEV'),
	(281, 'En-Nesyri', 'Youssef', 'Delantero', 'Marruecos', 0, 0, 'SEV'),
	(282, 'Lamela', 'Erik', 'Delantero', 'Argentina', 0, 0, 'SEV'),
	(283, 'Martial', 'Anthony', 'Delantero', 'Francia', 0, 0, 'SEV'),
	(284, 'Mamardashvili', 'Giorgi', 'Portero', 'Georgia', 0, 0, 'VAL'),
	(285, 'Gayà', 'José Luis', 'Defensa', 'España', 0, 0, 'VAL'),
	(286, 'Diakhaby', 'Mouctar', 'Defensa', 'Francia', 0, 0, 'VAL'),
	(287, 'Gabriel Paulista', 'Gabriel', 'Defensa', 'Brasil', 0, 0, 'VAL'),
	(288, 'Soler', 'Carlos', 'Centrocampista', 'España', 0, 0, 'VAL'),
	(289, 'Cucurella', 'José Gayà', 'Defensa', 'España', 0, 0, 'VAL'),
	(290, 'Musah', 'Ilaix', 'Centrocampista', 'España', 0, 0, 'VAL'),
	(291, 'Bryan Gil', 'Bryan', 'Delantero', 'España', 0, 0, 'VAL'),
	(292, 'Guedes', 'Gonzalo', 'Delantero', 'Portugal', 0, 0, 'VAL'),
	(293, 'Doku', 'Donyell', 'Delantero', 'Bélgica', 0, 0, 'VAL'),
	(294, 'Morata', 'Álvaro', 'Delantero', 'España', 0, 0, 'VAL'),
	(295, 'Musah', 'Yunus', 'Delantero', 'Estados Unidos', 0, 0, 'VAL'),
	(296, 'Rulli', 'Gerónimo', 'Portero', 'Argentina', 0, 0, 'VIL'),
	(297, 'Albiol', 'José', 'Defensa', 'España', 0, 0, 'VIL'),
	(298, 'Torres', 'Pau', 'Defensa', 'España', 0, 0, 'VIL'),
	(299, 'Mandi', 'Aïssa', 'Defensa', 'Argelia', 0, 0, 'VIL'),
	(300, 'Estupiñán', 'Pervis', 'Defensa', 'Ecuador', 0, 0, 'VIL'),
	(301, 'Capoue', 'Étienne', 'Centrocampista', 'Francia', 0, 0, 'VIL'),
	(302, 'Parejo', 'Dani', 'Centrocampista', 'España', 0, 0, 'VIL'),
	(303, 'Coquelin', 'Francis', 'Centrocampista', 'Francia', 0, 0, 'VIL'),
	(304, 'Chukwueze', 'Samuel', 'Delantero', 'Nigeria', 0, 0, 'VIL'),
	(305, 'Trigueros', 'Manuel', 'Delantero', 'España', 0, 0, 'VIL'),
	(306, 'Dia', 'Boulaye', 'Delantero', 'Senegal', 0, 0, 'VIL'),
	(307, 'Pedraza', 'Paco', 'Defensa', 'España', 0, 0, 'VIL'),
	(308, 'Danjuma', 'Arnaut', 'Delantero', 'Países Bajos', 0, 0, 'VIL');

/*!40103 SET TIME_ZONE=IFNULL(@OLD_TIME_ZONE, 'system') */;
/*!40101 SET SQL_MODE=IFNULL(@OLD_SQL_MODE, '') */;
/*!40014 SET FOREIGN_KEY_CHECKS=IFNULL(@OLD_FOREIGN_KEY_CHECKS, 1) */;
/*!40101 SET CHARACTER_SET_CLIENT=@OLD_CHARACTER_SET_CLIENT */;
/*!40111 SET SQL_NOTES=IFNULL(@OLD_SQL_NOTES, 1) */;
